,rank,elpd_waic,p_waic,elpd_diff,weight,se,dse,warning,scale
Visitation,0,-1464.301673603037,61.969388291814134,0.0,0.0003256485778698584,26.850916288016837,0.0,True,log
Gravity,1,-1465.256976421791,32.98441406105947,0.9553028187543209,0.9996743509001061,43.98289113039163,34.09121431887131,True,log
Radiation,2,-1938.6153150188102,76.82625083852002,474.3136414157732,5.220239795988846e-10,23.438308526933543,11.645396602673948,True,log
