,rank,elpd_waic,p_waic,elpd_diff,weight,se,dse,warning,scale
Gravity,0,-1395.4311511085598,20.755468055633532,0.0,0.9914952766237296,25.565935529405902,0.0,True,log
Visitation,1,-1953.2755029966484,79.58905220618307,557.8443518880888,0.008504723049920197,29.817836120117782,22.43953456228956,True,log
Radiation,2,-2056.701270499233,52.41031790109132,661.2701193906735,3.2635016911086723e-10,22.98045631095692,17.63566933607662,True,log
