,rank,elpd_loo,p_loo,elpd_diff,weight,se,dse,warning,scale
Gravity,0,-1397.0874104213563,22.411727368430093,0.0,0.9914943428680815,25.853091697608583,0.0,True,log
Visitation,1,-1968.5186564294534,94.83220563898794,571.4312460080969,0.008505657011795717,31.994204113193973,23.943250420833042,True,log
Radiation,2,-2072.89333271053,68.60238011238812,675.8059222891732,1.2012280059536806e-10,24.343971758823255,18.55198300595965,True,log
