,rank,elpd_loo,p_loo,elpd_diff,weight,se,dse,warning,scale
Gravity,0,-1466.10005286486,33.82749050412849,0.0,0.7598040092597141,43.55373941451451,0.0,True,log
Visitation,1,-1488.7912851484016,86.45899983717914,22.691232283541872,0.24019599128320424,30.621132491424756,34.47953262530399,True,log
Radiation,2,-1967.157667808676,105.36860362838593,501.05761494381625,0.0,24.247163990068398,28.774042253856198,True,log
