,rank,elpd_loo,p_loo,elpd_diff,weight,se,dse,warning,scale
Gravity,0,-1072.9717466619265,38.15298958969083,0.0,0.9836682416405111,18.058224769207047,0.0,True,log
Visitation,1,-1172.2238693807742,29.95596105653317,99.25212271884767,0.01633175843584514,17.179255711553942,10.839313717375633,True,log
Radiation,2,-1212.2063999789868,112.66607045674141,139.2346533170603,0.0,14.31017260423001,8.812124596703798,True,log
