,rank,elpd_waic,p_waic,elpd_diff,weight,se,dse,warning,scale
Gravity,0,-1074.8160429372972,28.13742671740185,0.0,0.98223241657982,17.81502437384133,0.0,True,log
Visitation,1,-1167.4156071509228,25.180590559276204,92.59956421362529,0.017767582828857043,14.143615729028276,10.357740718161491,True,log
Radiation,2,-1178.4667899399622,69.98734244801896,103.65074700266454,5.913229905729622e-10,14.073745056637646,7.540035357444791,True,log
