,rank,elpd_waic,p_waic,elpd_diff,weight,se,dse,warning,scale
Visitation,0,-1455.106344951225,53.59054378578522,0.0,0.0003261616493445596,25.961170043064776,0.0,True,log
Gravity,1,-1465.573005836135,32.824562636716195,10.466660884909988,0.9996738431725779,44.6333983422437,34.500292263237895,True,log
Radiation,2,-1802.1956222645947,83.29306000204483,347.08927731336985,0.0,22.525799475994223,10.56009482644668,True,log
