,rank,elpd_loo,p_loo,elpd_diff,weight,se,dse,warning,scale
Gravity,0,-1464.5529084078341,31.80446520841474,0.0,0.9996738159372074,42.737894840080735,0.0,True,log
Visitation,1,-1480.7497063424958,79.2339051770557,16.196797934661625,0.00032618492130855135,30.16374593107195,33.40675465972852,True,log
Radiation,2,-1838.080882014936,119.17831975238619,373.52797360710184,0.0,23.229175481144104,27.87129786263719,True,log
